,Category,Probability,smiles
0,no soluble,0.10261568437878957,C1=CNC(C(=C1)O)c1c(cccn1)O 
1,no soluble,0.22311232641092646,C1=CNC(C(=C1)OC)c1c(cccn1)OC 
2,no soluble,0.2637335469197851,C1=CNC(C(=C1)C(=O)O)c1c(cccn1)C(=O)O 
3,no soluble,0.2868489854900556,C1=CNC(C(=C1)C(=O)OC)c1c(cccn1)C(=O)OC 
4,no soluble,0.2938912994280444,c1cc(c(nc1)C1C(=CC=CN1)C(=O)O)C(=O)OC 
5,no soluble,0.2875907134530136,C1=CNC(C(=C1)C(=O)OC)c1c(cccn1)C(=O)O 
6,no soluble,0.0831594868985037,C1=CC(C=C)C=C(c2cc(C=C)ccn2)N1 
7,no soluble,0.23260153876774692,c1cc(C#C)cc(C2C=CC=CN2)n1 
8,no soluble,0.36350713610803553,C1=CC(C#C)C=C(c2ccccn2)N1 
9,no soluble,0.36624396146233845,C1=CC(C#C)C=C(c2cc(C#C)ccn2)N1 
10,no soluble,0.2356217312171215,C1=CC(=CC(c2cc(CCc3ccccc3)ccn2)N1)CCc1ccccc1 
11,no soluble,0.4401323240708505,C1=CC(c2ccc(C)cc2)C=C(c2cc(c3ccc(C)cc3)ccn2)N1 
12,no soluble,0.2681710473429074,C1=CC(c2ccc(O)cc2)C=C(c2cc(c3ccc(O)cc3)ccn2)N1 
13,no soluble,0.2146222219642892,C1=CC(c2ccc(OC)cc2)C=C(c2cc(c3ccc(OC)cc3)ccn2)N1 
14,no soluble,0.06058983334370724,C1=CC(c2ccc(Cl)cc2)C=C(c2cc(c3ccc(Cl)cc3)ccn2)N1 
15,no soluble,0.11745235714349223,c1cc(Br)cc(C2C=CC=CN2)n1 
16,no soluble,0.04092359640542736,C1=CC(=CC(c2ccccn2)N1)Br 
17,no soluble,0.1067172008223512,C1=CC(=CC(c2cc(Br)ccn2)N1)Br 
18,no soluble,0.48913544212211657,C1=CC(=CC(c2cc(C)ccn2)N1)C 
19,no soluble,0.19175285445133236,c1cc(C)cc(C2=CC(CBr)C=CN2)n1 
20,no soluble,0.12442534641968223,C1=CC(=CC(c2cc(CBr)ccn2)N1)C 
21,no soluble,0.12555704205169518,c1cc(C)cc(C2C=C(CCBr)C=CN2)n1 
22,no soluble,0.1160462430830594,C1=CC(=CC(c2cc(CCBr)ccn2)N1)C 
23,no soluble,0.11013181235867274,c1cc(C)cc(C2C=C(CCCBr)C=CN2)n1 
24,no soluble,0.1160462430830594,C1=CC(=CC(c2cc(CCCBr)ccn2)N1)C 
25,no soluble,0.11013181235867274,c1cc(C)cc(C2C=C(CCCCBr)C=CN2)n1 
26,no soluble,0.1160462430830594,C1=CC(=CC(c2cc(CCCCBr)ccn2)N1)C 
27,no soluble,0.08617277628672146,c1cc(C)cc(C2C=C(CCCCCBr)C=CN2)n1 
28,no soluble,0.0909320103884661,C1=CC(=CC(c2cc(CCCCCBr)ccn2)N1)C 
29,no soluble,0.08617277628672146,c1cc(C)cc(C2C=C(CCCCCCBr)C=CN2)n1 
30,no soluble,0.0909320103884661,C1=CC(=CC(c2cc(CCCCCCBr)ccn2)N1)C 
31,no soluble,0.08617277628672146,c1cc(C)cc(C2C=C(CCCCCCCBr)C=CN2)n1 
32,no soluble,0.0909320103884661,C1=CC(=CC(c2cc(CCCCCCCBr)ccn2)N1)C 
33,no soluble,0.11662983665780598,C1=CC(c2ccc(CBr)cc2)C=C(c2cc(c3ccc(CBr)cc3)ccn2)N1 
34,no soluble,0.20991913926559497,C1=CC(CBr)C=C(c2cc(CBr)ccn2)N1 
35,no soluble,0.12933845095938823,C1=CC(=CC(c2cc(CCCCBr)ccn2)N1)CCCCBr 
36,no soluble,0.01819903234198267,C1=CC(=CC(c2cc(CCCCCCCCC)ccn2)N1)CCCCCCCCC 
37,no soluble,0.23959551561666076,c1cc(C)cc(C2C=C(CCCl)C=CN2)n1 
38,no soluble,0.1280711055848646,C1=CC(=CC(c2cc(CCCl)ccn2)N1)C 
39,no soluble,0.2957528951438393,C1=CC(=CC(c2cc(CCl)ccn2)N1)CCl 
40,no soluble,0.27087318365186946,C1=CC(=CC(c2cc(CC[Si](C)(C)C)ccn2)N1)CC[Si](C)(C)C 
41,no soluble,0.31038306584651937,C1=CC(=CC(c2cc(C(F)(F)F)ccn2)N1)C(F)(F)F 
42,soluble,0.709224766982133,C1=CC(CI)C=C(c2cc(CI)ccn2)N1 
43,no soluble,0.33235180490873834,c1cc(C)cc(C2C=C(CCCO)C=CN2)n1 
44,no soluble,0.34556581505142386,C1=CC(=CC(c2cc(CCCO)ccn2)N1)C 
45,soluble,0.6141746979693072,c1cc(C)cc(C2C=C(CO)C=CN2)n1 
46,soluble,0.5990685503964206,C1=CC(=CC(c2cc(CO)ccn2)N1)C 
47,no soluble,0.16657427964603866,c1cc(C)cc(C2C=C(CCCCO)C=CN2)n1 
48,no soluble,0.17492401113360628,C1=CC(=CC(c2cc(CCCCO)ccn2)N1)C 
49,soluble,0.8444529207410365,C1=CC(=CC(c2cc(CO)ccn2)N1)CO 
50,no soluble,0.28221044951106744,C1=CC(=CC(c2cc(CCCCO)ccn2)N1)CCCCO 
51,no soluble,0.01819903234198267,C1=CC(=CC(c2cc(CCCCCCCCCCC)ccn2)N1)CCCCCCCCCCC 
52,soluble,0.5552397693330798,C1=CC(=CC(c2cc(O)ccn2)N1)O 
53,no soluble,0.22934014504785824,C1=CC(=CC(c2cc(OC)ccn2)N1)OC 
54,no soluble,0.11973492240670773,C1=CC(=CC(c2cc(SC)ccn2)N1)SC 
55,no soluble,0.11546628488203677,C1=CC(=CC(c2cc(SCC)ccn2)N1)SCC 
56,no soluble,0.18999499340609652,c1cc(C)cc(C2=CC(C=O)C=CN2)n1 
57,no soluble,0.2018575018817186,C1=CC(=CC(c2cc(C=O)ccn2)N1)C 
58,no soluble,0.19455208528688053,c1cc(C)cc(C2C=C(CCCC=O)C=CN2)n1 
59,no soluble,0.20396102828145088,C1=CC(=CC(c2cc(CCCC=O)ccn2)N1)C 
60,no soluble,0.10763260017741884,C1=CC(C=O)C=C(c2cc(C=O)ccn2)N1 
61,no soluble,0.3748996732093389,c1cc(C)cc(C2=CC(C#N)C=CN2)n1 
62,soluble,0.5565061492795546,C1=CC(=CC(c2cc(C#N)ccn2)N1)C 
63,no soluble,0.4240561063568263,c1cc(C)cc(C2C=C(CCC#N)C=CN2)n1 
64,no soluble,0.40233782408812935,C1=CC(=CC(c2cc(CCC#N)ccn2)N1)C 
65,no soluble,0.22047571596531476,C1=CC(C#N)C=C(c2cc(C#N)ccn2)N1 
66,no soluble,0.01819903234198267,C1=CC(=CC(c2cc(CCCCCCCCCCCC)ccn2)N1)CCCCCCCCCCCC 
67,no soluble,0.15713106581318934,c1cc(C)cc(C2C=C(CC(=O)O)C=CN2)n1 
68,no soluble,0.21435212501256193,C1=CC(=CC(c2cc(CC(=O)O)ccn2)N1)C 
69,no soluble,0.22560258523260843,c1cc(C)cc(C2C=C(CCCC(=O)O)C=CN2)n1 
70,no soluble,0.2360730633394447,C1=CC(=CC(c2cc(CCCC(=O)O)ccn2)N1)C 
71,no soluble,0.15023801450817803,C1=CC(C(=O)O)C=C(c2cc(C(=O)O)ccn2)N1 
72,no soluble,0.0459481357539388,C1=CC(C(=O)Cl)C=C(c2cc(C(=O)Cl)ccn2)N1 
73,no soluble,0.08717963217847181,C1=CC(C(=O)ON2C(=O)CCC2=O)C=C(c2cc(C(=O)ON3C(=O)CCC3=O)ccn2)N1 
74,no soluble,0.19125074886158014,C1=CC(S(=O)(=O)O)C=C(c2cc(S(=O)(=O)O)ccn2)N1 
75,no soluble,0.12986686736100866,c1cc(C)cc(C2=CC(C(=O)Cl)C=CN2)n1 
76,no soluble,0.07799506680580347,C1=CC(=CC(c2cc(C(=O)Cl)ccn2)N1)C 
77,no soluble,0.023743215026808415,c1cc(C(=O)Cl)cc(C2=CC(C(=O)OCC)C=CN2)n1 
78,no soluble,0.016502452936702015,C1=CC(C(=O)Cl)C=C(c2cc(C(=O)OCC)ccn2)N1 
79,no soluble,0.20336570660346198,c1cccc(C2=CC(C(=O)OC)C=CN2)n1 
80,no soluble,0.29884168249447574,C1=CC=CC(c2cc(C(=O)OC)ccn2)N1 
81,no soluble,0.25156618943444087,c1cc(C)cc(C2C=C(CC(=O)OC)C=CN2)n1 
82,no soluble,0.32972391164611436,C1=CC(=CC(c2cc(CC(=O)OC)ccn2)N1)C 
83,no soluble,0.01819903234198267,C1=CC(=CC(c2cc(CCCCCCCCCCCCC)ccn2)N1)CCCCCCCCCCCCC 
84,no soluble,0.1786259038962191,c1cc(C(=O)O)cc(C2=CC(C(=O)OC)C=CN2)n1 
85,no soluble,0.3073004298463001,C1=CC(C(=O)O)C=C(c2cc(C(=O)OC)ccn2)N1 
86,no soluble,0.30403392602862894,C1=CC(C(=O)OC)C=C(c2cc(C(=O)OC)ccn2)N1 
87,no soluble,0.3642696067009425,c1cc(C)cc(C2C=C(CCCCN)C=CN2)n1 
88,no soluble,0.37803409689772993,C1=CC(=CC(c2cc(CCCCN)ccn2)N1)C 
89,no soluble,0.28703914745209624,c1cc(C)cc(c2c/c(=C/[N]O)/cc[nH]2)n1 
90,no soluble,0.3152494487510115,C1=CC(=CC(c2cc(/C=N/O)ccn2)N1)C 
91,no soluble,0.49904005873767776,c1cc(C)cc(C2C=C(CN)C=CN2)n1 
92,soluble,0.5137814195676416,C1=CC(=CC(c2cc(CN)ccn2)N1)C 
93,no soluble,0.16401836147798007,C1=CC(=CC(c2cc(C[C@@H](O)c3ccccc3)ccn2)N1)C[C@@H](O)c1ccccc1 
94,no soluble,0.01819903234198267,C1=CC(=CC(c2cc(CCCCCCCCCCCCCCC)ccn2)N1)CCCCCCCCCCCCCCC 
95,no soluble,0.01819903234198267,C1=CC(=CC(c2cc(CCCCCCCCCCCCCCCCCCC)ccn2)N1)CCCCCCCCCCCCCCCCCCC 
96,no soluble,0.4449758241528649,c1cc(C)cc(C2C=C(CCOC)C=CN2)n1 
97,no soluble,0.42297297348251706,C1=CC(=CC(c2cc(CCOC)ccn2)N1)C 
98,no soluble,0.16644927990784222,c1cc(C)cc(C2=CC(C=C)C=CN2)n1 
99,no soluble,0.25512579746193575,C1=CC(=CC(c2cc(C=C)ccn2)N1)C 
100,no soluble,0.09762897587257882,C1=C(CBr)C=CC(c2ccc(CBr)cn2)N1 
101,no soluble,0.271929344422228,C1=C(C(F)(F)F)C=CC(c2ccc(C(F)(F)F)cn2)N1 
102,no soluble,0.17943420744505,c1c(Br)ccc(C2C=CC=CN2)n1 
103,no soluble,0.10506057096196447,C1=C(Br)C=CC(c2ccccn2)N1 
104,no soluble,0.18640430080638037,C1=C(Br)C=CC(c2ccc(Br)cn2)N1 
105,no soluble,0.08541684303229133,c1c(Cl)ccc(C2C=CC=CN2)n1 
106,no soluble,0.047744996087647824,C1=C(Cl)C=CC(c2ccccn2)N1 
107,no soluble,0.12360533177801862,c1c([C@@H](C)O)ccc(C2C=CC(=CN2)C(=O)C)n1 
108,no soluble,0.1673964537068119,C1=C([C@@H](C)O)C=CC(c2ccc(C(=O)C)cn2)N1 
109,no soluble,0.09287433523338602,c1c([C@@H](C)O[Si](C)(C)C(C)(C)C)ccc(C2C=CC(=CN2)C(=O)C)n1 
110,no soluble,0.08454991893813733,C1=C([C@@H](C)O[Si](C)(C)C(C)(C)C)C=CC(c2ccc(C(=O)C)cn2)N1 
111,no soluble,0.28108975928681335,C1=C(S)C=CC(c2ccc(S)cn2)N1 
112,no soluble,0.23753187881365748,c1c(C=O)ccc(C2C=CC=CN2)n1 
113,no soluble,0.1759484453782617,C1=C(C=O)C=CC(c2ccccn2)N1 
114,no soluble,0.15430621158110594,C1=C(C(=O)C)C=CC(c2ccc(C(=O)C)cn2)N1 
115,no soluble,0.4849074143816533,c1c(C)ccc(C2C=CC=CN2)n1 
116,no soluble,0.28671028423573347,C1=C(C)C=CC(c2ccccn2)N1 
117,no soluble,0.3531737781482315,C1=C(C#N)C=CC(c2ccc(C#N)cn2)N1 
118,no soluble,0.3553209100794616,c1c(S(=O)(=O)O)ccc(C2C=CC=CN2)n1 
119,no soluble,0.24549330694294702,C1=C(S(=O)(=O)O)C=CC(c2ccccn2)N1 
120,no soluble,0.34661020735514947,C1=C(S(=O)(=O)O)C=CC(c2ccc(S(=O)(=O)O)cn2)N1 
121,no soluble,0.23554474839140932,c1c(C(=O)OC)ccc(C2C=CC=CN2)n1 
122,no soluble,0.21032947206962455,C1=C(C(=O)OC)C=CC(c2ccccn2)N1 
123,no soluble,0.06104604222959488,C1=C(C(=O)OCC)C=CC(c2ccc(C(=O)OCC)cn2)N1 
124,no soluble,0.13939276407270842,c1c(SC(=O)C)ccc(C2C=CC=CN2)n1 
125,no soluble,0.08489052127476161,C1=C(SC(=O)C)C=CC(c2ccccn2)N1 
126,no soluble,0.13486813879216478,C1=C(SC(=O)C)C=CC(c2ccc(SC(=O)C)cn2)N1 
127,no soluble,0.04633427091837449,c1c(SC(=S)OCC)ccc(C2C=CC=CN2)n1 
128,no soluble,0.09608142124903817,C1=C(SC(=S)OCC)C=CC(c2ccccn2)N1 
129,no soluble,0.06227552547299888,C1=C(SC(=S)OCC)C=CC(c2ccc(SC(=S)OCC)cn2)N1 
130,no soluble,0.09294824787158575,c1c(N)ccc(C2C=CC(=CN2)C(=O)O)n1 
131,no soluble,0.24832806495583504,C1=C(N)C=CC(c2ccc(C(=O)O)cn2)N1 
132,soluble,0.5125204701983016,C1=C(C)C=CC(c2ccc(C)cn2)N1 
133,no soluble,0.26869754329997136,c1c(N)ccc(C2C=CC(=CN2)C(=O)OC)n1 
134,no soluble,0.25953613092408834,C1=C(N)C=CC(c2ccc(C(=O)OC)cn2)N1 
135,no soluble,0.11954676739080423,c1c(N)ccc(C2C=CC(=CN2)C(=O)OCC)n1 
136,no soluble,0.09674793573879532,C1=C(N)C=CC(c2ccc(C(=O)OCC)cn2)N1 
137,no soluble,0.02541703465148521,c1c(N(=O)=O)ccc(C2C=CC(=CN2)C(=O)OC)n1 
138,no soluble,0.056433709287458104,C1=C(N(=O)=O)C=CC(c2ccc(C(=O)OC)cn2)N1 
139,no soluble,0.09196138341459904,c1c(NC(=O)OCC)ccc(C2C=CC(=CN2)C(=O)OCC)n1 
140,no soluble,0.056559749065430674,C1=C(NC(=O)OCC)C=CC(c2ccc(C(=O)OCC)cn2)N1 
141,no soluble,0.11026891527658227,c1c(C(=O)NN)ccc(C2C=CC(=CN2)C(=O)OCC)n1 
142,no soluble,0.10094284729645735,C1=C(C(=O)NN)C=CC(c2ccc(C(=O)OCC)cn2)N1 
143,no soluble,0.066755175023006,C1=C(C(=O)NN)C=CC(c2ccc(C(=O)NN)cn2)N1 
144,soluble,0.5538509715878074,c1c(N)ccc(C2C=CC=CN2)n1 
145,soluble,0.5890519617930436,C1=C(N)C=CC(c2ccccn2)N1 
146,no soluble,0.18608985833993064,C1=C([NH])CC=C(c2ccc(NCl)cn2)N1.[Cl] 
147,no soluble,0.3344777215680517,C1=C(CN(CC)CC)C=CC(c2ccc(CN(CC)CC)cn2)N1 
148,no soluble,0.2972413192870719,c1c(C#C)ccc(C2C=CC=CN2)n1 
149,no soluble,0.320588666479241,C1=C(C#C)C=CC(c2ccccn2)N1 
150,no soluble,0.25038896295200047,C1=C(CN(C)c2ccccc2)C=CC(c2ccc(CN(C)c3ccccc3)cn2)N1 
151,no soluble,0.43797620658953207,C1=C(CN(CCO)CCO)C=CC(c2ccc(CN(CCO)CCO)cn2)N1 
152,no soluble,0.05631582456752952,C1=C(/N=C/c2ccccc2)C=CC(c2ccc(/N=C/c3ccccc3)cn2)N1 
153,no soluble,0.030332433548625942,c1c(N(=O)=O)ccc(C2C=CC=CN2)n1 
154,no soluble,0.05695699301013699,C1=C(N(=O)=O)C=CC(c2ccccn2)N1 
155,no soluble,0.020574505266903773,C1=C(N(=O)=O)C=CC(c2ccc(N(=O)=O)cn2)N1 
156,no soluble,0.3007941501015047,C1=C(C#C)C=CC(c2ccc(C#C)cn2)N1 
157,no soluble,0.3445401922347265,C1=C(C#C[Si](C)(C)C)C=CC(c2ccc(C#C[Si](C)(C)C)cn2)N1 
158,no soluble,0.45771550462015875,C1=C([Si](C)(C)C)C=CC(c2ccc([Si](C)(C)C)cn2)N1 
159,soluble,0.5843016695138935,C1=C([Si](C)(C)[Si](C)(C)C)C=CC(c2ccc([Si](C)(C)[Si](C)(C)C)cn2)N1 
160,no soluble,0.11012121230526346,c1c(C)ccc(C2C=CC(=CN2)CBr)n1 
161,no soluble,0.13498104216872464,C1=C(C)C=CC(c2ccc(CBr)cn2)N1 
162,no soluble,0.1604964072256463,c1c(CBr)ccc(C2C=CC=CN2)n1 
163,no soluble,0.047323692267238024,C1=C(CBr)C=CC(c2ccccn2)N1 
164,no soluble,0.10157792166083908,C1(=CC=CC(c2cccc(CCl)n2)N1)CCl 
165,no soluble,0.013305842030118087,C1(=CC=CC(c2cccc(C(F)(F)F)n2)N1)C(F)(F)F 
166,no soluble,0.04718224891914717,c1(Br)cccc(C2C=CC=C(C)N2)n1 
167,no soluble,0.2150883896171716,C1(=CC=CC(c2cccc(C)n2)N1)Br 
168,no soluble,0.01952980141051823,c1(Cl)cccc(C2C=CC=C(C)N2)n1 
169,no soluble,0.059933459847667694,C1(=CC=CC(c2cccc(C)n2)N1)Cl 
170,no soluble,0.04679475657632656,c1(Br)cccc(C2C=CC=CN2)n1 
171,no soluble,0.04984795777277715,C1(=CC=CC(c2ccccn2)N1)Br 
172,no soluble,0.08400123492729995,C1(=CC=CC(c2cccc(Br)n2)N1)Br 
173,no soluble,0.0010733049418400252,c1(Br)cccc(C2C=CC=C(OCCCCCC)N2)n1 
174,no soluble,0.001697792731739298,C1(=CC=CC(c2cccc(OCCCCCC)n2)N1)Br 
175,no soluble,0.07073678844690863,c1(CO[Si](C)(C)C(C)(C)C)cccc(C2C=CC=CN2)n1 
176,no soluble,0.08584031150779214,C1(=CC=CC(c2ccccn2)N1)CO[Si](C)(C)C(C)(C)C 
177,no soluble,0.3090091084614711,c1(CCl)cccc(C2C=CC=C(CO)N2)n1 
178,no soluble,0.3090091084614711,C1(=CC=CC(c2cccc(CO)n2)N1)CCl 
179,soluble,0.5020052909179434,C1(=CC=CC(c2cccc(CO)n2)N1)CO 
180,no soluble,0.46004640637747357,C1(=CC=CC(c2cccc(C)n2)N1)C 
181,no soluble,0.19333080492247368,C1(=CC=CC(c2cccc(COC(=O)C)n2)N1)COC(=O)C 
182,no soluble,0.09489368444278762,C1(=CC=CC(c2cccc(OC)n2)N1)OC 
183,no soluble,0.005479448180830702,C1(=CC=CC(c2cccc(OCCCCCC)n2)N1)OCCCCCC 
184,no soluble,0.09489368444278762,C1(=CC=CC(c2cccc(OC)n2)N1)OC 
185,no soluble,0.07491534451766253,C1(=CC=CC(c2cccc(OCC)n2)N1)OCC 
186,no soluble,0.020542524526933264,C1(=CC=CC(c2cccc(OCCC)n2)N1)OCCC 
187,no soluble,0.003954386747274211,C1(=CC=CC(c2cccc(OCCCC)n2)N1)OCCCC 
188,no soluble,0.005479448180830702,C1(=CC=CC(c2cccc(OCCCCCC)n2)N1)OCCCCCC 
189,no soluble,0.061910261827391275,C1(=CC=CC(c2cccc(c3c(C)cc(OC)cc3C)n2)N1)c1c(C)cc(OC)cc1C 
190,no soluble,0.20276932723128605,C1(=CC=CC(c2cccc([C@@H](O)C)n2)N1)[C@@H](O)C 
191,no soluble,0.4292981598692761,c1(C)cccc(C2C=CC=CN2)n1 
192,no soluble,0.12606672589519669,C1(=CC=CC(c2ccccn2)N1)C 
193,no soluble,0.04242109361793602,C1(=CC=CC(c2cccc([C@@H](COC(=O)C)C)n2)N1)[C@@H](COC(=O)C)C 
194,no soluble,0.2133661423742874,C1(=CC=CC(c2cccc(COC)n2)N1)COC 
195,no soluble,0.01830501685831601,c1(SCC)cccc(C2C=CC=CN2)n1 
196,no soluble,0.13150706377050705,C1(=CC=CC(c2ccccn2)N1)SCC 
197,no soluble,0.2109166028563743,C1(=CCC=C(c2cccc(C=O)n2)N1)C=O 
198,no soluble,0.22030305624952393,C1(C(=O)C)C=CC=C(c2cccc(C(=O)C)n2)N1 
199,no soluble,0.21153271759765083,C1(=CCC=C(c2cccc(C(=O)O)n2)N1)C(=O)O 
200,no soluble,0.12181988707985138,c1(C(=O)OC)cccc(C2C=CC=CN2)n1 
201,no soluble,0.25007838884843425,C1(=CCC=C(c2ccccn2)N1)C(=O)OC 
202,no soluble,0.12985539221033546,C1(=CCC=C(c2cccc(C#N)n2)N1)C#N 
203,no soluble,0.29449621457363284,C1(=CC=CC(c2cccc(CN)n2)N1)CN 
204,no soluble,0.4166496733643726,C1(=CC=CC(c2cccc(N)n2)N1)N 
205,no soluble,0.06606932958443634,c1(CC)cccc(C2C=CC=CN2)n1 
206,no soluble,0.2753557367302733,C1(=CC=CC(c2ccccn2)N1)CC 
207,no soluble,0.0026136477496538964,c1(N)cccc(C2C=CC=C(NCCCCCCCCCCCC)N2)n1 
208,no soluble,0.002475366019401847,C1(=CC=CC(c2cccc(NCCCCCCCCCCCC)n2)N1)N 
209,no soluble,0.00033675000423881424,C1(=CC=CC(c2cccc(NCCCCCCCCCCCC)n2)N1)NCCCCCCCCCCCC 
210,no soluble,0.06797458081105914,C1(=CCC=C(c2cccc(C=C)n2)N1)C=C 
211,no soluble,0.15219406339844924,C1(=CCC=C(c2cccc(C#C)n2)N1)C#C 
212,no soluble,0.20080169764405276,C1(=CCC=C(c2cccc(C#C[Si](C)(C)C)n2)N1)C#C[Si](C)(C)C 
213,no soluble,0.034309790283911984,c1(CBr)cccc(C2C=CC=C(C)N2)n1 
214,no soluble,0.12068381159331895,C1(=CCC=C(c2cccc(C)n2)N1)CBr 
215,no soluble,0.053001399926888376,C1(=CCC=C(c2cccc(CBr)n2)N1)CBr 
216,no soluble,0.09473189104978182,c1(CCl)cccc(C2C=CC=CN2)n1 
217,no soluble,0.09433033107532515,C1(=CC=CC(c2ccccn2)N1)CCl 
218,soluble,0.624399034631548,c1cc(c(nc1)c1c(cccn1)C)C 
219,no soluble,0.3093926712835153,c1cc(c(nc1)c1c(cccn1)O)O 
220,no soluble,0.405422562268749,c1cc(c(nc1)c1c(cccn1)OC)OC 
221,soluble,0.6175682295858143,c1cc(c(nc1)c1c(cccn1)C(=O)O)C(=O)O 
222,soluble,0.5195340169783348,c1cc(c(nc1)c1c(cccn1)C(=O)OC)C(=O)OC 
223,soluble,0.5204383329717892,c1cc(c(nc1)c1c(cccn1)C(=O)O)C(=O)OC 
224,no soluble,0.3057929470649004,c1c(C=C)ccnc1c1cc(C=C)ccn1 
225,no soluble,0.23853715349631482,c1c(C#C)ccnc1c1ccccn1 
226,no soluble,0.4299264504945338,c1c(C#C)ccnc1c1cc(C#C)ccn1 
227,no soluble,0.38935193824016584,c1c(CCc2ccccc2)ccnc1c1cc(CCc2ccccc2)ccn1 
228,soluble,0.5970249565993376,c1c(c2ccc(C)cc2)ccnc1c1cc(c2ccc(C)cc2)ccn1 
229,soluble,0.5444213187215649,c1c(c2ccc(O)cc2)ccnc1c1cc(c2ccc(O)cc2)ccn1 
230,no soluble,0.3399367383070976,c1c(c2ccc(OC)cc2)ccnc1c1cc(c2ccc(OC)cc2)ccn1 
231,no soluble,0.0914844710421275,c1c(c2ccc(Cl)cc2)ccnc1c1cc(c2ccc(Cl)cc2)ccn1 
232,no soluble,0.0912328117925828,c1c(Br)ccnc1c1ccccn1 
233,no soluble,0.1946444545747068,c1c(Br)ccnc1c1cc(Br)ccn1 
234,soluble,0.705070172269965,c1c(C)ccnc1c1cc(C)ccn1 
235,no soluble,0.3570943495568963,c1c(C)ccnc1c1cc(CBr)ccn1 
236,no soluble,0.23606591268352434,c1c(C)ccnc1c1cc(CCBr)ccn1 
237,no soluble,0.23606591268352434,c1c(C)ccnc1c1cc(CCCBr)ccn1 
238,no soluble,0.23606591268352434,c1c(C)ccnc1c1cc(CCCCBr)ccn1 
239,no soluble,0.1905774740242837,c1c(C)ccnc1c1cc(CCCCCBr)ccn1 
240,no soluble,0.1905774740242837,c1c(C)ccnc1c1cc(CCCCCCBr)ccn1 
241,no soluble,0.1905774740242837,c1c(C)ccnc1c1cc(CCCCCCCBr)ccn1 
242,no soluble,0.25499902148636977,c1c(c2ccc(CBr)cc2)ccnc1c1cc(c2ccc(CBr)cc2)ccn1 
243,no soluble,0.3557977610823163,c1c(CBr)ccnc1c1cc(CBr)ccn1 
244,no soluble,0.23504810821718733,c1c(CCCCBr)ccnc1c1cc(CCCCBr)ccn1 
245,no soluble,0.04423502129105267,c1c(CCCCCCCCC)ccnc1c1cc(CCCCCCCCC)ccn1 
246,no soluble,0.431617031218263,c1c(C)ccnc1c1cc(CCCl)ccn1 
247,no soluble,0.46266866590955424,c1c(CCl)ccnc1c1cc(CCl)ccn1 
248,no soluble,0.4812158517401325,c1c(CC[Si](C)(C)C)ccnc1c1cc(CC[Si](C)(C)C)ccn1 
249,no soluble,0.29246517889542284,c1c(C(F)(F)F)ccnc1c1cc(C(F)(F)F)ccn1 
250,soluble,0.7099986787636372,c1c(CI)ccnc1c1cc(CI)ccn1 
251,no soluble,0.41522424517533535,c1c(C)ccnc1c1cc(CCCO)ccn1 
252,soluble,0.6676917803320929,c1c(C)ccnc1c1cc(CO)ccn1 
253,no soluble,0.221845197102369,c1c(C)ccnc1c1cc(CCCCO)ccn1 
254,soluble,0.9236422054646924,c1c(CO)ccnc1c1cc(CO)ccn1 
255,no soluble,0.4669559255624436,c1c(CCCCO)ccnc1c1cc(CCCCO)ccn1 
256,no soluble,0.04423502129105267,c1c(CCCCCCCCCCC)ccnc1c1cc(CCCCCCCCCCC)ccn1 
257,soluble,0.6838618137676669,c1c(O)ccnc1c1cc(O)ccn1 
258,no soluble,0.4538565352298147,c1c(OC)ccnc1c1cc(OC)ccn1 
259,no soluble,0.2535215693394351,c1c(SC)ccnc1c1cc(SC)ccn1 
260,no soluble,0.24581525521813744,c1c(SCC)ccnc1c1cc(SCC)ccn1 
261,no soluble,0.4204375247865088,c1c(C)ccnc1c1cc(C=O)ccn1 
262,no soluble,0.48486886115176253,c1c(C)ccnc1c1cc(CCCC=O)ccn1 
263,no soluble,0.37288523374228355,c1c(C=O)ccnc1c1cc(C=O)ccn1 
264,soluble,0.5336976710969813,c1c(C)ccnc1c1cc(C#N)ccn1 
265,soluble,0.6130881788673948,c1c(C)ccnc1c1cc(CCC#N)ccn1 
266,no soluble,0.48292921709588715,c1c(C#N)ccnc1c1cc(C#N)ccn1 
267,no soluble,0.04423502129105267,c1c(CCCCCCCCCCCC)ccnc1c1cc(CCCCCCCCCCCC)ccn1 
268,no soluble,0.27560656757369806,c1c(C)ccnc1c1cc(CC(=O)O)ccn1 
269,no soluble,0.30115529123847923,c1c(C)ccnc1c1cc(CCCC(=O)O)ccn1 
270,no soluble,0.34668974383249046,c1c(C(=O)O)ccnc1c1cc(C(=O)O)ccn1 
271,no soluble,0.12629844434953963,c1c(C(=O)Cl)ccnc1c1cc(C(=O)Cl)ccn1 
272,no soluble,0.2427724144363251,c1c(C(=O)ON2C(=O)CCC2=O)ccnc1c1cc(C(=O)ON2C(=O)CCC2=O)ccn1 
273,soluble,0.6825801971427472,c1c(S(=O)(=O)O)ccnc1c1cc(S(=O)(=O)O)ccn1 
274,no soluble,0.205779370331969,c1c(C)ccnc1c1cc(C(=O)Cl)ccn1 
275,no soluble,0.02830436938305367,c1c(C(=O)Cl)ccnc1c1cc(C(=O)OCC)ccn1 
276,no soluble,0.2800929060445132,c1cccnc1c1cc(C(=O)OC)ccn1 
277,no soluble,0.40687341398263915,c1c(C)ccnc1c1cc(CC(=O)OC)ccn1 
278,no soluble,0.04423502129105267,c1c(CCCCCCCCCCCCC)ccnc1c1cc(CCCCCCCCCCCCC)ccn1 
279,no soluble,0.27406298801621165,c1c(C(=O)O)ccnc1c1cc(C(=O)OC)ccn1 
280,no soluble,0.4312919574015078,c1c(C(=O)OC)ccnc1c1cc(C(=O)OC)ccn1 
281,soluble,0.5885912339586582,c1c(C)ccnc1c1cc(CCCCN)ccn1 
282,no soluble,0.32586640570671016,c1c(C)ccnc1c1cc(/C=N/O)ccn1 
283,soluble,0.7132426260839203,c1c(C)ccnc1c1cc(CN)ccn1 
284,no soluble,0.4064733849261264,c1c(C[C@@H](O)c2ccccc2)ccnc1c1cc(C[C@@H](O)c2ccccc2)ccn1 
285,no soluble,0.04423502129105267,c1c(CCCCCCCCCCCCCCC)ccnc1c1cc(CCCCCCCCCCCCCCC)ccn1 
286,no soluble,0.04423502129105267,c1c(CCCCCCCCCCCCCCCCCCC)ccnc1c1cc(CCCCCCCCCCCCCCCCCCC)ccn1 
287,soluble,0.6815804301440921,c1c(C)ccnc1c1cc(CCOC)ccn1 
288,no soluble,0.38631191930915054,c1c(C)ccnc1c1cc(C=C)ccn1 
289,no soluble,0.18662941345942483,c1(CBr)ccc(c2ccc(CBr)cn2)nc1 
290,no soluble,0.2048668250058315,c1(C(F)(F)F)ccc(c2ccc(C(F)(F)F)cn2)nc1 
291,no soluble,0.20186045917343087,c1(Br)ccc(c2ccccn2)nc1 
292,no soluble,0.13647996907071902,c1(Br)ccc(c2ccc(Br)cn2)nc1 
293,no soluble,0.09868953452202632,c1(Cl)ccc(c2ccccn2)nc1 
294,no soluble,0.14286241143018755,c1([C@@H](C)O)ccc(c2ccc(C(=O)C)cn2)nc1 
295,no soluble,0.10793332080451239,c1([C@@H](C)O[Si](C)(C)C(C)(C)C)ccc(c2ccc(C(=O)C)cn2)nc1 
296,no soluble,0.21345083838627937,c1(S)ccc(c2ccc(S)cn2)nc1 
297,no soluble,0.3906713053788636,c1(C=O)ccc(c2ccccn2)nc1 
298,no soluble,0.24379575594835357,c1(C(=O)C)ccc(c2ccc(C(=O)C)cn2)nc1 
299,no soluble,0.48038587200567123,c1(C)ccc(c2ccccn2)nc1 
300,no soluble,0.2795446569008287,c1(C#N)ccc(c2ccc(C#N)cn2)nc1 
301,no soluble,0.16135249273648547,c1(S(=O)(=O)O)ccc(c2ccccn2)nc1 
302,no soluble,0.1338802468115545,c1(S(=O)(=O)O)ccc(c2ccc(S(=O)(=O)O)cn2)nc1 
303,no soluble,0.23940798665005134,c1(C(=O)OC)ccc(c2ccccn2)nc1 
304,no soluble,0.06745958550751358,c1(C(=O)OCC)ccc(c2ccc(C(=O)OCC)cn2)nc1 
305,no soluble,0.14197186338862253,c1(SC(=O)C)ccc(c2ccccn2)nc1 
306,no soluble,0.1396682206538049,c1(SC(=O)C)ccc(c2ccc(SC(=O)C)cn2)nc1 
307,no soluble,0.07152285064806264,c1(SC(=S)OCC)ccc(c2ccccn2)nc1 
308,no soluble,0.027331316037733883,c1(SC(=S)OCC)ccc(c2ccc(SC(=S)OCC)cn2)nc1 
309,no soluble,0.3069626603230406,c1(N)ccc(c2ccc(C(=O)O)cn2)nc1 
310,no soluble,0.45095435390762534,c1(C)ccc(c2ccc(C)cn2)nc1 
311,no soluble,0.21370703592794754,c1(N)ccc(c2ccc(C(=O)OC)cn2)nc1 
312,no soluble,0.07001645188112984,c1(N)ccc(c2ccc(C(=O)OCC)cn2)nc1 
313,no soluble,0.01471658856829863,c1(N(=O)=O)ccc(c2ccc(C(=O)OC)cn2)nc1 
314,no soluble,0.04241266689753611,c1(NC(=O)OCC)ccc(c2ccc(C(=O)OCC)cn2)nc1 
315,no soluble,0.0930001674454691,c1(C(=O)NN)ccc(c2ccc(C(=O)OCC)cn2)nc1 
316,no soluble,0.22726127408963365,c1(C(=O)NN)ccc(c2ccc(C(=O)NN)cn2)nc1 
317,soluble,0.5833028490251756,c1(N)ccc(c2ccccn2)nc1 
318,no soluble,0.24252052567714039,c1(NCl)ccc(c2ccc(NCl)cn2)nc1 
319,no soluble,0.25991340384497547,c1(CN(CC)CC)ccc(c2ccc(CN(CC)CC)cn2)nc1 
320,no soluble,0.32849705506891014,c1(C#C)ccc(c2ccccn2)nc1 
321,no soluble,0.15971757839616318,c1(CN(C)c2ccccc2)ccc(c2ccc(CN(C)c3ccccc3)cn2)nc1 
322,no soluble,0.48088121456977095,c1(CN(CCO)CCO)ccc(c2ccc(CN(CCO)CCO)cn2)nc1 
323,no soluble,0.04607690973545637,c1(/N=C/c2ccccc2)ccc(c2ccc(/N=C/c3ccccc3)cn2)nc1 
324,no soluble,0.04959746240997712,c1(N(=O)=O)ccc(c2ccccn2)nc1 
325,no soluble,0.021163997763432717,c1(N(=O)=O)ccc(c2ccc(N(=O)=O)cn2)nc1 
326,no soluble,0.23413232080590998,c1(C#C)ccc(c2ccc(C#C)cn2)nc1 
327,no soluble,0.3107740172548922,c1(C#C[Si](C)(C)C)ccc(c2ccc(C#C[Si](C)(C)C)cn2)nc1 
328,no soluble,0.48501982641385966,c1([Si](C)(C)C)ccc(c2ccc([Si](C)(C)C)cn2)nc1 
329,soluble,0.6106539475178216,c1([Si](C)(C)[Si](C)(C)C)ccc(c2ccc([Si](C)(C)[Si](C)(C)C)cn2)nc1 
330,no soluble,0.16024944130513705,c1(C)ccc(c2ccc(CBr)cn2)nc1 
331,no soluble,0.2475599116988452,c1(CBr)ccc(c2ccccn2)nc1 
332,no soluble,0.09198998871528481,c1ccc(c2cccc(CCl)n2)nc1CCl 
333,no soluble,0.05877616112295877,c1ccc(c2cccc(C(F)(F)F)n2)nc1C(F)(F)F 
334,no soluble,0.1404208888909083,c1ccc(c2cccc(C)n2)nc1Br 
335,no soluble,0.06450997547849002,c1ccc(c2cccc(C)n2)nc1Cl 
336,no soluble,0.08574679762976319,c1ccc(c2ccccn2)nc1Br 
337,no soluble,0.051835141439590934,c1ccc(c2cccc(Br)n2)nc1Br 
338,no soluble,0.0013920382187798963,c1ccc(c2cccc(OCCCCCC)n2)nc1Br 
339,no soluble,0.15251163306463936,c1ccc(c2ccccn2)nc1CO[Si](C)(C)C(C)(C)C 
340,no soluble,0.45563614334491187,c1ccc(c2cccc(CO)n2)nc1CCl 
341,soluble,0.6535892253393122,c1ccc(c2cccc(CO)n2)nc1CO 
342,no soluble,0.467823669653086,c1ccc(c2cccc(C)n2)nc1C 
343,no soluble,0.2294667335894805,c1ccc(c2cccc(COC(=O)C)n2)nc1COC(=O)C 
344,no soluble,0.12491177984810332,c1ccc(c2cccc(OC)n2)nc1OC 
345,no soluble,0.007445455782524755,c1ccc(c2cccc(OCCCCCC)n2)nc1OCCCCCC 
346,no soluble,0.12491177984810332,c1ccc(c2cccc(OC)n2)nc1OC 
347,no soluble,0.09930701519446196,c1ccc(c2cccc(OCC)n2)nc1OCC 
348,no soluble,0.02776224334183191,c1ccc(c2cccc(OCCC)n2)nc1OCCC 
349,no soluble,0.005376165404783987,c1ccc(c2cccc(OCCCC)n2)nc1OCCCC 
350,no soluble,0.007445455782524755,c1ccc(c2cccc(OCCCCCC)n2)nc1OCCCCCC 
351,no soluble,0.06662702750262618,c1ccc(c2cccc(c3c(C)cc(OC)cc3C)n2)nc1c1c(C)cc(OC)cc1C 
352,no soluble,0.20312208876540838,c1ccc(c2cccc([C@@H](O)C)n2)nc1[C@@H](O)C 
353,no soluble,0.47901511927243084,c1ccc(c2ccccn2)nc1C 
354,no soluble,0.0440141688366293,c1ccc(c2cccc([C@@H](COC(=O)C)C)n2)nc1[C@@H](COC(=O)C)C 
355,no soluble,0.22683175003536576,c1ccc(c2cccc(COC)n2)nc1COC 
356,no soluble,0.09725675284089504,c1ccc(c2ccccn2)nc1SCC 
357,no soluble,0.15317535792323458,c1ccc(c2cccc(C=O)n2)nc1C=O 
358,no soluble,0.3102030296245786,c1ccc(c2cccc(C(=O)C)n2)nc1C(=O)C 
359,no soluble,0.3098877559331671,c1ccc(c2cccc(C(=O)O)n2)nc1C(=O)O 
360,no soluble,0.14059111232495927,c1ccc(c2ccccn2)nc1C(=O)OC 
361,no soluble,0.1405950982172322,c1ccc(c2cccc(C#N)n2)nc1C#N 
362,no soluble,0.2406499724983201,c1ccc(c2cccc(CN)n2)nc1CN 
363,no soluble,0.2690728961194903,c1ccc(c2cccc(N)n2)nc1N 
364,no soluble,0.3458623089457466,c1ccc(c2ccccn2)nc1CC 
365,no soluble,0.0010320090561552683,c1ccc(c2cccc(NCCCCCCCCCCCC)n2)nc1N 
366,no soluble,0.0006834620244098988,c1ccc(c2cccc(NCCCCCCCCCCCC)n2)nc1NCCCCCCCCCCCC 
367,no soluble,0.09724599165397503,c1ccc(c2cccc(C=C)n2)nc1C=C 
368,no soluble,0.16443216360320528,c1ccc(c2cccc(C#C)n2)nc1C#C 
369,no soluble,0.2495184159614356,c1ccc(c2cccc(C#C[Si](C)(C)C)n2)nc1C#C[Si](C)(C)C 
370,no soluble,0.1696033140995877,c1ccc(c2cccc(C)n2)nc1CBr 
371,no soluble,0.06454460198788052,c1ccc(c2cccc(CBr)n2)nc1CBr 
372,no soluble,0.2033258866812336,c1ccc(c2ccccn2)nc1CCl 
